model,seed,ac_ops,energy_vs_dense_pct,fr_layer1,fr_layer2,mac_ops,pingpong_rate,se,switch_rate_per_step,switches_per_traj,top1,top3,top3_oldDef,top5,top5_oldDef
REAP-6G (SNN),0,19293.5936,14.748894117647058,48.60578125,41.094375,2560,0.1875,6.611722760596623,0.0128,1.28,95.32000000000001,99.68,99.28,99.83999999999999,99.96000000000001
LSTM,0,,,,,,0.0,6.551279995150751,0.0028,0.28,92.4,98.4,98.08,98.88,99.96000000000001
GRU,0,,,,,,0.2,6.5774954345331285,0.006,0.6,93.88,99.2,98.4,99.4,99.96000000000001
Oracle,0,,,,,,0.28125,6.658210461203132,0.0128,1.28,100.0,,100.0,,100.0
Reactive (prev-step best beam),0,,,,,,0.28125,6.648567163882306,0.0128,1.28,98.72,,99.88,,100.0
Fixed beam (train-majority),0,,,,,,0.0,5.728409181242521,0.0,0.0,54.84,,96.67999999999999,,99.92
Random,0,,,,,,0.014808720691073632,1.7840569938699142,0.9724,97.24,1.5599999999999998,,4.08,,7.48
REAP-6G (SNN),1,18827.673600000002,14.534776470588238,48.655625,35.2075,2560,0.08,6.630382154858662,0.01,1.0,96.67999999999999,99.83999999999999,99.52,99.92,99.76
LSTM,1,,,,,,0.0,6.515023045777164,0.0032,0.32,90.88000000000001,98.32,97.56,99.28,99.4
GRU,1,,,,,,0.0,6.5822464382161465,0.0068,0.68,94.0,99.52,98.36,99.76,99.4
Oracle,1,,,,,,0.23076923076923078,6.658210316698258,0.0156,1.56,100.0,,100.0,,100.0
Reactive (prev-step best beam),1,,,,,,0.23684210526315788,6.6465685950576425,0.0152,1.52,98.44000000000001,,99.92,,99.92
Fixed beam (train-majority),1,,,,,,0.0,5.541056294335311,0.0,0.0,47.44,,94.88,,99.11999999999999
Random,1,,,,,,0.013452914798206279,1.82165419174643,0.9812,98.12,1.3599999999999999,,4.760000000000001,,8.0
REAP-6G (SNN),2,19065.9328,14.644270588235294,47.98375,40.8034375,2560,0.11538461538461539,6.608767807903864,0.0104,1.04,97.56,99.52,99.0,99.88,99.44
LSTM,2,,,,,,0.125,6.511745390783594,0.0032,0.32,93.96,98.56,96.76,99.24,99.28
GRU,2,,,,,,0.0,6.539262635697957,0.004,0.4,95.19999999999999,98.64,96.8,99.56,99.28
Oracle,2,,,,,,0.1111111111111111,6.658210476011276,0.0108,1.08,100.0,,100.0,,100.0
Reactive (prev-step best beam),2,,,,,,0.11538461538461539,6.641472333718981,0.0104,1.04,98.92,,99.68,,99.83999999999999
Fixed beam (train-majority),2,,,,,,0.0,5.469958031195339,0.0,0.0,46.72,,96.48,,99.16
Random,2,,,,,,0.016036184210526317,1.6916925562820242,0.9728,97.28,1.48,,4.760000000000001,,7.68
REAP-6G (SNN),3,18912.512,14.573764705882352,48.63484375,36.32625,2560,0.11538461538461539,6.623818308538181,0.0104,1.04,97.44,99.64,99.4,99.83999999999999,99.68
LSTM,3,,,,,,0.0,6.463700220877424,0.0004,0.04,90.56,99.03999999999999,93.36,99.68,99.16
GRU,3,,,,,,0.0,6.463700220877424,0.0004,0.04,90.56,99.4,93.36,99.68,99.16
Oracle,3,,,,,,0.20689655172413793,6.6582104025784234,0.0116,1.16,100.0,,100.0,,100.0
Reactive (prev-step best beam),3,,,,,,0.20689655172413793,6.648775153832332,0.0116,1.16,98.83999999999999,,99.83999999999999,,99.88
Fixed beam (train-majority),3,,,,,,0.0,5.952612150683364,0.0,0.0,63.88,,93.12,,99.16
Random,3,,,,,,0.01440922190201729,1.784422466901785,0.9716,97.16,1.24,,3.6799999999999997,,6.76
REAP-6G (SNN),4,18687.411200000002,14.470317647058824,46.7959375,40.9340625,2560,0.21052631578947367,6.548908219194376,0.0152,1.52,92.80000000000001,99.36,97.52,99.96000000000001,99.72
LSTM,4,,,,,,0.1111111111111111,6.397971504872362,0.0036,0.36,84.36,97.68,91.92,99.52,98.4
GRU,4,,,,,,0.0,6.410040359936362,0.004,0.4,84.8,97.6,92.2,99.72,98.4
Oracle,4,,,,,,0.057692307692307696,6.658210349063971,0.0208,2.08,100.0,,100.0,,100.0
Reactive (prev-step best beam),4,,,,,,0.057692307692307696,6.614706277096965,0.0208,2.08,97.92,,99.16,,99.28
Fixed beam (train-majority),4,,,,,,0.0,5.9140373242968804,0.0,0.0,62.88,,91.8,,98.28
Random,4,,,,,,0.01440329218106996,1.7414529607923337,0.972,97.2,1.16,,4.0,,6.72
REAP-6G (SNN),5,19297.1776,14.75054117647059,49.59,37.20125,2560,0.40625,6.585517122927904,0.0256,2.56,94.76,99.2,99.03999999999999,99.76,99.56
LSTM,5,,,,,,0.16666666666666666,6.411471546007415,0.0048,0.48,85.84,97.68,94.24,99.88,97.8
GRU,5,,,,,,0.08333333333333333,6.452573136245373,0.0048,0.48,87.36,97.72,94.92,99.68,97.8
Oracle,5,,,,,,0.0967741935483871,6.658210326834928,0.0124,1.24,100.0,,100.0,,100.0
Reactive (prev-step best beam),5,,,,,,0.0967741935483871,6.6421646224282105,0.0124,1.24,98.76,,99.8,,99.8
Fixed beam (train-majority),5,,,,,,0.0,5.841694328669,0.0,0.0,64.08,,88.72,,95.08
Random,5,,,,,,0.013569078947368422,1.8104317763177613,0.9728,97.28,1.5599999999999998,,5.4,,8.64
REAP-6G (SNN),6,18461.0304,14.366282352941177,46.94609375,37.57,2560,0.2413793103448276,6.581864478835371,0.0232,2.32,92.56,99.68,98.56,100.0,99.88
LSTM,6,,,,,,0.16666666666666666,6.351255996609362,0.0024,0.24,80.0,98.83999999999999,94.84,99.88,98.96000000000001
GRU,6,,,,,,0.0,6.38878686428019,0.0036,0.36,81.84,98.2,95.0,99.83999999999999,98.96000000000001
Oracle,6,,,,,,0.10526315789473684,6.65821034186905,0.0152,1.52,100.0,,100.0,,100.0
Reactive (prev-step best beam),6,,,,,,0.10526315789473684,6.649201086444492,0.0152,1.52,98.48,,100.0,,100.0
Fixed beam (train-majority),6,,,,,,0.0,5.704928105466931,0.0,0.0,55.52,,88.6,,95.96000000000001
Random,6,,,,,,0.014385532264693794,1.853603819482642,0.9732,97.32,1.68,,4.88,,8.24
REAP-6G (SNN),7,18270.745600000002,14.278835294117647,46.0171875,38.9628125,2560,0.3333333333333333,6.381237059515729,0.0216,2.16,90.32,93.08,94.16,94.56,94.88
LSTM,7,,,,,,0.0,6.204087849824643,0.002,0.2,82.88,91.8,85.76,95.48,94.28
GRU,7,,,,,,0.1,6.218658556355134,0.004,0.4,83.48,91.88,85.8,95.04,94.24
Oracle,7,,,,,,0.2,6.658210589625399,0.016,1.6,100.0,,100.0,,100.0
Reactive (prev-step best beam),7,,,,,,0.20512820512820512,6.638148089934544,0.0156,1.56,98.4,,99.8,,99.83999999999999
Fixed beam (train-majority),7,,,,,,0.0,5.255095941325002,0.0,0.0,37.28,,85.48,,94.24
Random,7,,,,,,0.012315270935960592,1.8118886178984854,0.9744,97.44,1.32,,5.04,,8.08
REAP-6G (SNN),8,18575.872,14.41905882352941,47.5328125,36.625,2560,0.16666666666666666,6.627872127604987,0.0096,0.96,96.64,99.92,99.72,100.0,99.83999999999999
LSTM,8,,,,,,0.125,6.480818291727708,0.0032,0.32,89.96,99.24,94.24,100.0,99.4
GRU,8,,,,,,0.14285714285714285,6.4948598431612075,0.0028,0.28,90.60000000000001,99.4,94.24,100.0,99.4
Oracle,8,,,,,,0.15,6.658210501132391,0.008,0.8,100.0,,100.0,,100.0
Reactive (prev-step best beam),8,,,,,,0.15,6.648184921750182,0.008,0.8,99.2,,99.88,,99.96000000000001
Fixed beam (train-majority),8,,,,,,0.0,5.624367251320228,0.0,0.0,52.559999999999995,,91.72,,99.4
Random,8,,,,,,0.011498973305954825,1.7371787656092783,0.974,97.4,1.7999999999999998,,4.12,,6.959999999999999
REAP-6G (SNN),9,18560.5376,14.412011764705882,46.18953125,41.8109375,2560,0.38596491228070173,6.559999791139994,0.0228,2.28,93.88,98.11999999999999,98.2,99.83999999999999,99.8
LSTM,9,,,,,,0.2,6.442552858732077,0.004,0.4,85.52,99.0,97.11999999999999,99.64,99.88
GRU,9,,,,,,0.3333333333333333,6.459693883304824,0.0108,1.08,86.24000000000001,99.4,97.0,99.88,99.88
Oracle,9,,,,,,0.05555555555555555,6.658210424211957,0.0072,0.72,100.0,,100.0,,100.0
Reactive (prev-step best beam),9,,,,,,0.05555555555555555,6.64923575052087,0.0072,0.72,99.28,,99.88,,99.88
Fixed beam (train-majority),9,,,,,,0.0,5.463631493758742,0.0,0.0,42.480000000000004,,95.12,,99.88
Random,9,,,,,,0.015728476821192054,1.8633965725688983,0.9664,96.64,1.76,,6.279999999999999,,10.08
